Entry	Sequence
A0A059TC02	MRSVSGQVVCVTGAGGFIASWLVKILLEKGYTVRGTVRNPDDPKNGHLRELEGAKERLTLCKADLLDYQSLREAINGCDGVFHTASPVTDDPEQMVEPAVIGTKNVINAAAEANVRRVVFTSSIGAVYMDPNRDPETVVDETCWSDPDFCKNTKNWYCYGKMVAEQAAWEEAKEKGVDLVVINPVLVQGPLLQTTVNASVLHILKYLTGSAKTYANSVQAYVDVKDVALAHILLYETPEASGRYLCAESVLHRGDVVEILSKFFPEYPIPTKCSDVTKPRVKPYKFSNQKLKDLGLEFTPVKQCLYETVKSLQEKGHLPIPTQKDEPIIRIQP
A0A0C3RR82	MSSASSDSNTGSLTIAGSGIASVRHMTLETLAHVQEADIVFYVVADPVTEAYIKKNARGPCKDLEVLFDKDKVRYDTYVQMAETMLNAVREGQKVLGIFYGHPGVFVSPSRRALSIARKEGYQAKMLPGISSEDYMFADLEFDPAVHGCCAYEATQLLLREVSLDTAMSNIIWQVGGVGVSKIDFENSKVKLLVDRLEKDFGPDHHVVHYIGAVLPQSATVQDVLKISDLRKEEIVAQFNSCSTLYVPPLTHANKFSGNMVKQLFGQDVTEVSSALCPTPKWAAGSHLGDVVEYGPREKAAVDALVEHTVPADYRVLGGSLAFQQFMIDLALRPAIQANYKENPRALVDATKGLTTVEQAALLLRQPGAVFGVMKLRASEVANEQGHPVAPASLDHVAFTAPSPASLDHVAFSAPNPASLDHVAFIAPTPASLDHVAFSAPTPASLDHVSFGTPTSASLDHVAFEAPVPASLDHVAFAAPVPASLDHVAFAAPTPASLDHVAFAAPTPASLDHVAFAVPVPASLDHIAFSVPTPASLDHVAFAVPVPDHVAGIPCM
A0A144A134	MKNLDINTFDNIEDIPLGSSEQDPYDFFTLSDRNVMNSDMKKNIVQWNSRYSYNQLKNKDSLIMFLVEIFRSLFVSNCIDKNIDNVLLSIEEMFIDHYYNPQHSRLKYLIDDVGIFFTKLPITKAFHTYNKKYRITKRLYAPPTFNEVRHILNLAQILSLEEGLDLLTFDADETLYPDGHDFNDEVLASYISCLLKKMNIAIVTAASYNNDAEKYQKRLENLLKYFSKHNIKDGSYKNFYVMGGESNYLFKCNEEATLYSVPENEWRHYKKFVDYDTVQEILNISEKCLEKVIKDFGLCAQIQRKEKSIGLVPNKIPSLNIKNEQKNYMIKYEVLEEAVIRIKKEIIKNKITAPYCAFNGGQDLWVDVGNKAEGLLILQKLLKIQKKKCCHIGDQFLHSGNDFPTRFCSLTLWVSNPQETKACLKSIMHLNIKSFIPEVLYENQ
A0A1L3THR9	MLAPLFAALLAGAATASPIQERQSSVPVGTIITACTVPNTFALTFDDGPFAYTSELLDLLSSNGVKATFFLNGQNWGSIYDYTSVVTRMDAEGHQIGSHTWSHADLATLDAAGITSQMTQLETALTSILGKVPTYMRPPYFSTNALALSTLGGLGYHVINANIDTLDYEHDDDTIGVAFTNFQNGLASGGTVSLMHDVHAQTVHVLVQEAINAIKAKGLTPVTVGTCLGDASANWYKSGGGSGTTPPPATGGPSPDDTCGGSNGYVCQNSQCCSQWGWCGTTSEYCAAGCQAAYGPCT
A0Q5Y3	MNFKILPIAIDLGVKNTGVFSAFYQKGTSLERLDNKNGKVYELSKDSYTLLMNNRTARRHQRRGIDRKQLVKRLFKLIWTEQLNLEWDKDTQQAISFLFNRRGFSFITDGYSPEYLNIVPEQVKAILMDIFDDYNGEDDLDSYLKLATEQESKISEIYNKLMQKILEFKLMKLCTDIKDDKVSTKTLKEITSYEFELLADYLANYSESLKTQKFSYTDKQGNLKELSYYHHDKYNIQEFLKRHATINDRILDTLLTDDLDIWNFNFEKFDFDKNEEKLQNQEDKDHIQAHLHHFVFAVNKIKSEMASGGRHRSQYFQEITNVLDENNHQEGYLKNFCENLHNKKYSNLSVKNLVNLIGNLSNLELKPLRKYFNDKIHAKADHWDEQKFTETYCHWILGEWRVGVKDQDKKDGAKYSYKDLCNELKQKVTKAGLVDFLLELDPCRTIPPYLDNNNRKPPKCQSLILNPKFLDNQYPNWQQYLQELKKLQSIQNYLDSFETDLKVLKSSKDQPYFVEYKSSNQQIASGQRDYKDLDARILQFIFDRVKASDELLLNEIYFQAKKLKQKASSELEKLESSKKLDEVIANSQLSQILKSQHTNGIFEQGTFLHLVCKYYKQRQRARDSRLYIMPEYRYDKKLHKYNNTGRFDDDNQLLTYCNHKPRQKRYQLLNDLAGVLQVSPNFLKDKIGSDDDLFISKWLVEHIRGFKKACEDSLKIQKDNRGLLNHKINIARNTKGKCEKEIFNLICKIEGSEDKKGNYKHGLAYELGVLLFGEPNEASKPEFDRKIKKFNSIYSFAQIQQIAFAERKGNANTCAVCSADNAHRMQQIKITEPVEDNKDKIILSAKAQRLPAIPTRIVDGAVKKMATILAKNIVDDNWQNIKQVLSAKHQLHIPIITESNAFEFEPALADVKGKSLKDRRKKALERISPENIFKDKNNRIKEFAKGISAYSGANLTDGDFDGAKEELDHIIPRSHKKYGTLNDEANLICVTRGDNKNKGNRIFCLRDLADNYKLKQFETTDDLEIEKKIADTIWDANKKDFKFGNYRSFINLTPQEQKAFRHALFLADENPIKQAVIRAINNRNRTFVNGTQRYFAEVLANNIYLRAKKENLNTDKISFDYFGIPTIGNGRGIAEIRQLYEKVDSDIQAYAKGDKPQASYSHLIDAMLAFCIAADEHRNDGSIGLEIDKNYSLYPLDKNTGEVFTKDIFSQIKITDNEFSDKKLVRKKAIEGFNTHRQMTRDGIYAENYLPILIHKELNEVRKGYTWKNSEEIKIFKGKKYDIQQLNNLVYCLKFVDKPISIDIQISTLEELRNILTTNNIAATAEYYYINLKTQKLHEYYIENYNTALGYKKYSKEMEFLRSLAYRSERVKIKSIDDVKQVLDKDSNFIIGKITLPFKKEWQRLYREWQNTTIKDDYEFLKSFFNVKSITKLHKKVRKDFSLPISTNEGKFLVKRKTWDNNFIYQILNDSDSRADGTKPFIPAFDISKNEIVEAIIDSFTSKNIFWLPKNIELQKVDNKNIFAIDTSKWFEVETPSDLRDIGIATIQYKIDNNSRPKVRVKLDYVIDDDSKINYFMNHSLLKSRYPDKVLEILKQSTIIEFESSGFNKTIKEMLGMKLAGIYNETSNN
A1Z9J4	MLSVLRKSFPNGVTHAHRVIRCKSNQDKCAKNALIILAPGAEEMEFTISADVLRRGKILVTVAGLHDCEPVKCSRSVVIVPDTSLEEAVTRGDYDVVVLPGGLAGNKALMNSSAVGDVLRCQESKGGLIAAICAAPTALAKHGIGKGKSITSHPDMKPQLKELYCYIDDKTVVQDGNIITSRGPGTTFDFALKITEQLVGAEVAKEVAKAMLWTYKP
A2XFC1	MSEKKRRGGAGAGAASGSASKKPRVSTAASYAESLRSKLRPDASILATLRSLASACSKSKPAGSSSSSSSASKALAAEDDPAASYIVVADQDSASVTSRINRLVLAAARSILSGRGFSFAVPSRAASNQVYLPDLDRIVLVRRESARPFANVATARKATITARVLSLVHAVLRRGIHVTKRDLFYTDVKLFGDQAQSDAVLDDVSCMLGCTRSSLHVVASEKGVVVGRLTFADDGDRIDCTRMGVGGKAIPPNIDRVSGIESDALFILLVEKDAAFMRLAEDRFYNRFPCIILTAKGQPDVATRLFLRRLKVELKLPVLALVDSDPYGLKILSVYMCGSKNMSYDSANLTTPDIKWLGVRPSDLDKYRVPEQCRLPMTDHDIKVGKELLEEDFVKQNEGWVKELETMLRTRQKAEIQALSSFGFQYLTEVYLPLKLQQQDWI
A7IQH5	MSNRLKNEVIAITGGGAGIGLAIASAALREGAKVALIDLDQGLAERSAAMLSTGGAVAKGFGADVTKAADITAAITSAEQTIGSLTGLVNNAGIAGFGSVHDADAAAWDRIMAVNVTGTFLASKAALAGMLERHKGTIVNFGSVAGLVGIPTMAAYCAAKGAIVNLTRQMAADYSGRGVRVNAVCPGTVTSTGMGQQLLGSDTSPEVQARRLAKYPIGRFGTPEDIAEAVIFLLSDQAAFVTGAAFAVDGGMTAI
B1Q005	MDWLQFFFLHPVSLYQGAAFPFALLFNYLCITESFPTRARYLFLLAGGGVLALAAMGPYALLIFIPALCAVAMISSLSPQEVHGLTFFFQMGWQTLCHLGLHYKEYYLCEPPPVRFYITLSSLMLLTQRVTSLSLDISEGKVEAAWRGTRSRSSLCEHLWDALPYISYLLFFPALLGGSLCSFQRFQACVQRPRSLYPSISFWALTWRGLQILGLECLKVALRRVVSAGAGLDDCQRLECIYIMWSTAGLFKLTYYSHWILDDSLLHAAGFGSEAGQRPGEERYVPDVDIWTLETTHRISLFARQWNRSTAQWLKRLVFQRSRRWPVLQTFAFSAWWHGLHPGQVFGFLCWSVMVKADYLIHTFANGCIRSWPLRLLYRSLTWAHTQIIIAYVMLAVEGRSFSSLCRLCCSYNSIFPVTYCLLLFLLARRKHKCN
B2GV06	MAALKLLSSGLRLCASARNSRGALHKGCACYFSVSTRHHTKFYTDPVEAVKDIPNGATLLVGGFGLCGIPENLIGALLKTGVKDLTAVSNNAGVDNFGLGLLLRSKQIKRMISSYVGENAEFERQFLSGELEVELTPQGTLAERIRAGGAGVPAFYTSTGYGTLVQEGGSPIKYNKDGSVAIASKPREVREFRGQHFILEEAITGDFALVKAWKADRAGNVIFRKSARNFNLPMCKAAGTTVVEVEEIVDIGSFAPEDIHIPKIYVHRLIKGEKYEKRIERLSLRKEGEGKAKSGKPGEDVRERIIKRAALEFEDGMYANLGIGIPLLASNFISPNMTVHLQSENGVLGLGPYPLKDEADADLINAGKETVTVLPGASFFSSDESFAMIRGGHVNLTMLGAMQVSKYGDLANWMIPGKMVKGMGGAMDLVSSSKTKVVVTMEHSAKGNAHKIMEKCTLPLTGKQCVNRIITEKGVFDVDKKNGLTLIELWEGLTVDDIRKSTGCDFAVSPNLMPMQQIST
B2GV87	MEPFCPLLLASFSLSLATAGQGNDTTPTESNWTSTTAGPPDPGTSQPLLTWLLLPLLLLLFLLAAYFFRFRKQRKAVVNSNDKKMPNGILEEQEQQRVMLLSRSPSGPKKYFPIPVEHLEEEIRVRSADDCKRFREEFNSLPSGHIQGTFELANKEENREKNRYPNILPNDHCRVILSQLDGIPCSDYINASYIDGYKEKNKFIAAQGPKQETVNDFWRMVWEQRSATIVMLTNLKERKEEKCYQYWPDQGCWTYGNIRVCVEDCVVLVDYTIRKFCIHPQLPDSCKAPRLVSQLHFTSWPDFGVPFTPIGMLKFLKKVKTLNPSHAGPIVVHCSAGVGRTGTFIVIDAMMDMIHSEQKVDVFEFVSRIRNQRPQMVQTDVQYTFIYQALLEYYLYGDTELDVSSLERHLQTLHGTATHFDKIGLEEEFRKLTNVRIMKENMRTGNLPANMKKARVIQIIPYDFNRVILSMKRGQEFTDYINASFIDGYRQKDYFMATQGPLAHTVEDFWRMVWEWKSHTIVMLTEVQEREQDKCYQYWPTEGSVTHGDITIEIKSDTLSEAISIRDFLVTFKQPLARQEEQVRMVRQFHFHGWPEVGIPTEGKGMIDLIAAVQKQQQQTGNHPITVHCSAGAGRTGTFIALSNILERVKAEGLLDVFQAVKSLRLQRPHMVQTLEQYEFCYKVVQDFIDIFSDYANFK
B3BM80	MVNATLSVVQKNSAFVGSATGELAARAIGMLYPGVKQSDLSEEQKQTISTLATVSAGLAGGLTGSSTASAAVGAQSGKNAVENNYLSTNQSLTFDKELSDCRKSGGNCQDIIDKWEKISDEQSAEIDQKLKDNPLEAQVIDKEVAKGGYDMTQRPGWLGNIGVEVMTSDEAKAYVQKWNGRDLTKIDVNSPEWTKFAVFASDPENQAMLVSGGLLVKDITKAAISFMSRNTATATVNASEVGMQWGQGNMKQGMPWEDYVGKSLPADARLPKNFKIFDYYDGATKTATSVKSIDTQTMAKLANPNQVYSSIKGNIDAAAKFKEYALSGRELTSSMISNREIQLAIPADTTKTQWAEINRAIEYGKSQGVKVTVTQVK
B3GSH5	MAPGREGELDRDFRVLMSLAHGFMVSQVLFAALDLGIFDLAAQGPVAAEAVAQTGGWSPRGTQLLMDACTRLGLLRGAGDGSYTNSALSSTFLVSGSPQSQRCMLLYLAGTTYGCWAHLAAGVREGRNQYSRAVGISAEDPFSAIYRSEPERLLFMRGLQETWSLCGGRVLTAFDLSRFRVICDLGGGSGALAQEAARLYPGSSVCVFDLPDVIAAARTHFLSPGARPSVRFVAGDFFRSRLPRADLFILARVLHDWADGACVELLGRLHRACRPGGALLLVEAVLAKGGAGPLRSLLLSLNMMLQAEGWERQASDYRNLATRAGFPRLQLRRPGGPYHAMLARRGPRPGIITGVGSNTTGTGSFVTGIRRDVPGARSDAAGTGSGTGNTGSGIMLQGETLESEVSAPQAGSDVGGAGNEPRSGTLKQGDWK
B4F6I5	MAVTECEWASLGSRIGLRAALVLLSGSLLVVLFPLSGLEHQYRTALNILLQCNLWGGDDRHTFTGQTRGLAVASTAIELLVLKQKPTSDVKFEAKAALNQALEMKRQGKKEKAHKLLHHALKMDPDHVDALNELGILLEEEKDIIQADYLYSKALTISPHNEKALINRDRTLPLVEEIDQRYFSLIDSKVKKLMSIPKGNPALRRVMEESYYHHIYHTVAIEGNTLSLSEIRHIIETRYAVPGKSLEEQNEVIGMHAAMKYVNATLVSRIGSVTIDNILEIHRRILGYVDPVEAGRFRRNQVFVGHHIPPHPRDVEKLMQEFVQWLNSEEAMSLHPVEFAALAHYKLVYIHPFVDGNGRTSRLLMNLILMQAGYPPITVRKEQRSEYYHVLEIANEGDVRPFIRFIAKCTESTLDLLLIATAEHPVGLPEPNHGFSECKQTITIKT
D1L2X1	MLDNFNQPKGSTIGVLKDGRTIQEAFDSLPRLESFSGSTATDKLRAAITLGVSEVAIGPVEGNGGRPYEFGDVVIPYPLRIVGCGSQGINVTKGTVLKRSAGASFMFHFTGEGQAQRPMGGGLFNINLNGDTATALGDIIKVTQWSYFKANNCAFQNMAGWGIRLKDVMESNISGNLFRRLGGPSGGGILFDDVRSAVTDNVNNLHIEDNTFALMSGPWIGSTANSNPDLIWIVRNKFEFDGTPAAPNTVDSYVLDFQQLSRAFIQDNGFTHFTTERNRYVGVLRVGATAVGTIKFEDNLLFACESAGLIAGGIVVSRGNVNNQGSATTAIKQFTNTSSKLCKLERVINVQSNGNVSVGQQILPDGYINMAELPGNTRLPSEYDADGETTSVLRVPANTQVRQWSVPKMYKDGLTVTKVTVRAKGAAAGAILSLQSGSTVLSTKSIDAGVWKNYVFYVKANQLQETLQLRNTGTADVLADGMVFGKVDYIDWDFAIAPGTLAAGAKYTTPNQSYLDVAGMRVQAVSIPMFDGPTTGLQVWVEATSANGSFVVVMKNDTGSELVTTVTRCRVRAFVS
D5EY13	MKKLLVALSLIAGSLTASAQWGRPVDYAAGPGLKDAYKDYFTVGVAVNKFNISDPAQTAIVKKQFNSVTAENAWKPGEIHPKEGVWNFGLADSIANFCRENGIKMRGHCLCWHSQFADWMFTDKKGKPVKKEVFYQRLREHIHTVVNRYKDVVYAWDVVNEAMADDGRPFEFVDGKMVPASPYRQSRHFKLCGDEFIAKAFEFAREADPTGVLMYNDYSCVDEGKRERIYNMVKKMKEAGVPIDGIGMQGHYNIYFPDEEKLEKAINRFSEIVNTIHITELDLRTNTESGGQLMFSRGEAKPQPGYMQTLQEDQYARLFKIFRKHKDVIKNVTFWNLSDKDSWLGVNNHPLPFDENFKAKRSLQIIRDFDAAMDNRKPKEDFVPNPMNQPGQEYPMVNSEGYARFRVEAPDAKSVIVSLGLGGRGGTVLRKDKNGVWTGTTEGPMDPGFHYYHLTIDGGVFNDPGTHNYFGSCRWESGIEIPAKDQDFYAYRKDINHGNIQQVTFWSESTGKMQTANVYLPYGYGKVVKGKQERYPVLYLQHGWGENETSWPVQGKAGLIMDNLIADGKIKPFIVVMAYGLTNDFKFGSIGKFTAEEFEKVLIDELIPTIDKNFLTKADKWNRAMAGLSMGGMETKLITLRRPEMFGYWGLLSGGTYMPEEIKDPKAVKYIFVGCGDKENPEGINKSVEALKAAGFKAEGLVSEGTAHEFLTWRRCLEKMAQSLFK
D5JWB3	MADSSKKLTVLLSGASGLTGSLAFKKLKERSDKFEVRGLVRSEASKQKLGGGDEIFIGDISDPKTLEPAMEGIDALIILTSAIPRMKPTEEFTAEMISGGRSEDVIDASFSGPMPEFYYDEGQYPEQVDWIGQKNQIDTAKKMGVKHIVLVGSMGGCDPDHFLNHMGNGNILIWKRKAEQYLADSGVPYTIIRAGGLDNKAGGVRELLVAKDDVLLPTENGFIARADVAEACVQALEIEEVKNKAFDLGSKPEGVGEATKDFKALFSQVTTPF
D6WMX4	MSVRAVGSRLFKHGRSLIQQFCKRDLNTTIGDKINAVSQATAAPSSLPKTQIPKNFALRNVGVQLGLQARRILIDNVLNRVTNSLSAELRKKATRRILFGDSAPFFALVGVSIASGTGILTKEEELEGVCWEIREAISKIKWQYYDIDESRFESNPITLNDLSLGKPIAKGTNGVVYSAKVKDDETDDNKYPFALKMMFNYDIQSNSMEILKAMYRETVPARMYYSNHDLNNWEIELANRRKHLPPHPNIVAIFSVFTDLIQELEGSKDLYPAALPPRLHPEGEGRNMSLFLLMKRYDCNLQSFLSTAPSTRTSLLLLAQLLEGVAHMTAHGIAHRDLKSDNLLLDTSEPESPILVISDFGCCLADKTNGLSLPYTSYEMDKGGNTALMAPEIICQKPGTFSVLNYSKADLWAVGAIAYEIFNCHNPFYGPSRLKNFNYKEGDLPKLPDEVPTVIQALVANLLKRNPNKRLDPEVAANVCQLFLWAPSTWLKPGLKVPTSGEILQWLLSLTTKVLCEGKINNKSFGEKFTRNWRRTYPEYLLISSFLCRAKLANVRNALHWIQENLPELD
D7SFH9	MNSQQSTRTKQMLQQSSTHLLCGVVLLQLFAAQVDAQRSTSPWQTLSGDAPLVIARGGFSGLFPDSSLAAYQFAMVVSVADVVLWCDVQLTKDGHGICFPDLNLANASNSEEVYPNRQKSYPVNGVTTKGWFPIDFSLTELQKVLFSLIRGILSRSGKFDENGYSISTVQNVATQMKPALFWLNVQHDEFYEQHNLSMSSFLLSTSRTVSIDFISSPEVNFFRKIAGGFGNNGPSFVFQFMGKEDFEPTTNRTYGSILSNLSFVKTFASGILVPKSYILPLDDKQYLLPHTSLVQDAHKAGLKLYASGFANDVDIAYNYSWDPVSEYLSFVDNGNFSVDGMLSDFPLTASASVDCFSHIGRNATKQVDFLVISKNGASGEYPGCTKLAYEKAIKDGSDVIDCPVQMSSDGIPFCSSSIDLVNSTTVGQTHLRNRSIIVPEISSVAGIFTFSLTWHEIQSLTPAISNPFRENGMSRNPNERNSGNLISLYEFLNLAKNSTSLSGILISLENVVYLREKKGLDVVKVVLNRLTETGYIVGTLKVMIQSTTRLVLVDFKNQSTYKTVYKIKETIGNITDSAIEDIKKFANAVVINKASVFPNSDSFLTGQTTNVLERLQKFQLPVYVELFQNEFVSQPFDFFADETVEINAYIFGAGINGTITEFPYTAARYKRNRCLGREEVPPYMLPVNPGGVLTLISTSSLPPAQDPNPIFTHDDVTEPPLPPVIAKSPTSTLGTPSTIAKPLRNFLKVIRIVSWSVAGVVLFLVLLTLVFCFHRKRETRLRQQKLKALIPLEHYTYAQVKRITKSFAEVVGRGGFGIVYKGTLSDGRVVAVKVLKDTKGNGEDFINEVATMSRTSHLNIVSLLGFCSEGSKRAIIYEFLENGSLDKFILGKTSVNMDWTALYRIALGVAHGLEYLHHSCKTRIVHFDIKPQNVLLDDSFCPKVSDFGLAKLCEKKESILSMLDTRGTIGYIAPEMISRVYGNVSHKSDVYSYGMLVLEIIGARNKEKANQACASNTSSMYFPEWVYRDLESCKSGRHIEDGINSEEDELAKKMTLVGLWCIQPSPVDRPAMNRVVEMMEGSLEALEVPPRPVLQQIPISNLHESSILSEDVSVYTEG
F3YDF1	MFSTTTHSVPYLYLGNFSRKPHYYSVNRTKLHGSAGAARLSKSTSTSSRSHDLVLDLRNLLSRSSASIQGMVERAARLNGILDRRLVDDVLAKVTSMLPSMRDVRVTLEESATQIGRVQLQNYQFEVSLTGAAGSVPTGANVKVIPTITPGLLRPLFSQQQLNQIRGFKTDRSIEAEQKRNPTMTSRLKNALANSPQRLDGDTPLQAEKLRRLLAKSEEHGFNKAESLKIAFAEGYLAAANSEDSPKSGKTMKYLKTLQTIVVIVVFLGIFLSFFTTSNGSVFRSIQLGNQVEVDPEEINVTFEDVKGCDEAKQELKEVVEFLKSPEKFSNLGGKLPKGVLLVGPPGTGKTLLARAVAGEAKVPFFHAAGPEFDEVLVGQGARRVRDLFKAAKARAPCVIFIDEIDSVGAKRTNSVLHPYANQTINQLLSEMDGFHQNAGVIVLGATNRRDDLDQALLRPGRFDVEVMVSTPDFTGRKEILSLYLTKILHDEIDLDMLARGTSGFTGADLENMINQAALRAAIDGAETVSMKHLETARDKVLMGPERKARLPDEEANTITAYHEGGHAIVAFYTKESHPLHKVTIMPRGPSLGHTAYIPEKERYHVTKAQLLAMMDTMMGGRAAEELVFGTDKITSGASSDLKQATSIATHMVRDWGMSDKVGLRTIEASKGLGTGDTLGPNTIEAVDAEIKRILSDSYERAKAILRKHTREHKALAEALLKYETLDADDIKAILNESQT
F4HPZ9	MASDSAGATISGNFSNSDNSETLNLNTTKLYSSAISSISPQFPSPKPTSSCPSIPNSKRIPNTNFIVDLFRLPHQSSSVAFFLSHFHSDHYSGLSSSWSKGIIYCSHKTARLVAEILQVPSQFVFALPMNQMVKIDGSEVVLIEANHCPGAVQFLFKVKLESSGFEKYVHTGDFRFCDEMRFDPFLNGFVGCDGVFLDTTYCNPKFVFPSQEESVGYVVSVIDKISEEKVLFLVATYVVGKEKILVEIARRCKRKIVVDARKMSMLSVLGCGEEGMFTEDENESDVHVVGWNVLGETWPYFRPNFVKMNEIMVEKGYDKVVGFVPTGWTYEVKRNKFAVRFKDSMEIHLVPYSEHSNYDELREFIKFLKPKRVIPTVGVDIEKFDCKEVNKMQKHFSGLVDEMANKKDFLLGFYRQSYQKNEKSDVDVVSHSAEVYEEEEKNACEDGGENVPSSRGPILHDTTPSSDSRLLIKLRDSLPAWVTEEQMLDLIKKHAGNPVDIVSNFYEYEAELYKQASLPTPSLNNQAVLFDDDVTDLQPNPVKGICPDVQAIQKGFDLPRKMNLTKGTISPGKRGKSSGSKSNKKAKKDPKSKPVGPGQPTLFKFFNKVLDGGSNSVSVGSETEECNTDKKMVHIDASEAYKEVTDQFIDIVNGSESLRDYAASIIDEAKGDISRALNIYYSKPREIPGDHAGERGLSSKTIQYPKCSEACSSQEDKKASENSGHAVNICVQTSAEESVDKNYVSLPPEKYQPKEHACWREGQPAPYIHLVRTFASVESEKGKIKAMSMLCNMFRSLFALSPEDVLPAVYLCTNKIAADHENIELNIGGSLISSALEEACGISRSTVRDMYNSLGDLGDVAQLCRQTQKLLVPPPPLLVRDVFSTLRKISVQTGTGSTRLKKNLIVKLMRSCREKEIKFLVRTLARNLRIGAMLRTVLPALGRAIVMNSFWNDHNKELSESCFREKLEGVSAAVVEAYNILPSLDVVVPSLMDKDIEFSTSTLSMVPGIPIKPMLAKIAKGVQEFFNLSQEKAFTCEYKYDGQRAQIHKLLDGTVCIFSRNGDETTSRFPDLVDVIKQFSCPAAETFMLDAEVVATDRINGNKLMSFQELSTRERGSKDALITTESIKVEVCVFVFDIMFVNGEQLLALPLRERRRRLKEVFPETRPGYLEYAKEITVGAEEASLNNHDTLSRINAFLEEAFQSSCEGIMVKSLDVNAGYCPTKRSDSWLKVKRDYVDGLGDTLDLVPIGAWYGNGRKAGWYSPFLMACFNPETEEFQSVCRVMSGFSDAFYIEMKEFYSEDKILAKKPPYYRTGETPDMWFSAEVVWEIRGADFTVSPVHSASLGLVHPSRGISVRFPRFISKVTDRNPEECSTATDIAEMFHAQTRKMNITSQH
F4KBF5	MFGVSMRTLISPSLAPFSLHLHKPSLFSTALRFSFSINNITPTNSPPSTISTRKLQTKATRVTSSSSSQPLSSSSPGEIHVVVGPMFSGKTTTLLRRILAERETGKRIAIIKSNKDTRYCTESIVTHDGEKYPCWSLPDLSSFKERFGFDDYENRLDVIGIDEAQFFGDLYEFCREAADKEGKTVIVAGLDGDFMRRRFGSVLDLIPIADTVTKLTSRCEVCGKRALFTMRKTEEKETELIGGAEVYMPVCRSHYVCGQNVLETARAVLDSSNNHSVVASSL
F5HKX0	MTSYNRSVAWLTVCVLLALHIGGSHQQQQQCTTPTRLRGRCISIYECDSILDYFKQRILTWEEREFLRKSQCTGATSGRQPFVCCPGNGSKPVVAPATTVPAGTASTTPAGPAATAPSGDAALADQLVGGLLPNPKKNECGVSIGMRIYGGQNADIDEFPWLALLQYENRKGERKYSCGGSLINRRYVLTAAHCVIGEVERKEGKLVSVRLGEYNTKTEIDCVTEEQEEICADPPIDAGIESVIVHPGYQDMAHADDIALLRLAQSIEYTSFVQPVCLPLTDFRASKTGEVNFVTGFGRTLQESRSAVKQKLGIKVYDHARCQEKYATKNSSITTNQLCAGGEYAKDSCHGDSGGPLMKLQKVWYLEGIVSYGNRCGLEDWPGVYTHVPAYMAWVRSNIKE
G4N137	MYNRCCRKVWIQGRVAYRPAYIRQSPPQQTLYRGIDLLPFTTIVMDHQSGFQNPSPSGGLMFSASAKRFISRIVGFVGRGAEVQQKAVGLCPLKTERRRAAAGGLLLPTGLRMGRSIIMSVRPLPFLTGPAPSPDTAAGFKPSPPTGNLVSVSPLSKAQMALWFDYLQHPTSTHYFLTLKVELDKQPLSLDKIIQVIRGLGKQHAMLRTTFHVDTDTDDMSKSYMAVHDDSWDQEIHVLMNDAQLYEALRKPFQLSSESPVRWVVQMKLQPGSARSTYTVYAAGHHIGVDGASMSVLSNQLLEAVASEVEDQPDHSGPHYGDYIQRQARYLRSSAGAAAGRFWLSQLRHTQPFRWRMEPPEEINTPNYRQLDTWNFFPTAEIQEWGNLYKTSWFRVATSIVGLVTAAMAEPQAHHDHALMVAFGARPRGFENNVSHMANTMPVKFPLSSLLRDDATFSDAVKAMGRNVSTAKKHENFPFMSLMEQANRHMDPTLLDFKVAITYSPKLANKSCELFPVEGIWDLFFCFLEQEDGVALGVISNPRVFGAEALGQLQSLFNEVFALSKARPSFKLSDLAFLQNRTPARFISGPALDDVESISKSRVYRLIKARAASQPDLVALMSAEKGVQMTYRELAAQSSQVAHFLQKQRLCKGDAVLVHLERGFAQIVWILGVMEAGACYVALDKTWPAARKEAILRTANGKLLVTDDEQMDFEKQDTTVVFLAPSAAEIASMPQSTCECEVADDDLAYVVFTSGSTGQPKGVMVEHSNLSHYVSATRSLVKTGPHSRMLQLASFAFDAIVLEYAVTLAHGGTLCFANHPEVLVGEYLADVIDSNQVNFFHCTPSVLSTLPAGRRLPSLRIVSVGGEASPPGLLDHWRKRVELLHAYGPTECTVICTLESLTQDESTQTAIDATVIGKALPNLDIRICEEGKLEPLAPNQVGEICVVGPQVSRGYMGQEELTASKFHNITLADGHPSRLYRTGDKGFIDDDGKLHIQGRIGNREIKVRGYRLDLYEVEKNVMAFDPEVTQVSIQQVGESLVALVVPASIDCDRIRSKLLKDMPRYAVPTRFIRVASLPLNTNGKIDHTQASSLAAELVMHDTVLPTVDATPTPTAAVRAVGVTEENLRLKTKENGMERQEMLRRHLTAEVTALWAKLLGSSRQFDPEVGFFDAGGHSLLLTQLHKLIKERFGTGSRPSLLDIFSMSSIRKQVDCLMGIVDQDAMLGSEPTGGSSSRSQSRRSAETSSSSTSAPSSVPVDAERNLYAIVGISCRFPGANTAEQLWNVLMEQRDAITTFCPAENLGFALEENSVFVPRYGMIDALKDFEPSAYSMSDAEAQTIDPQKRVFLDVAADALADAGTSASPGNPLDPVGVFVGAATNTFLSSRDNPGSKPPGDEEPQSFANHYQQLLDCPIGTFASFKLNLTGPVVTLNTACSSALAALHLACASLSHGDCNAAVVGGVSMAYPQEGGYVTARPGGDSSAVFSPSGVCHPLDSRADGCVPADGAAALVIKRLADARADGCRVYAVIEGVAVSADGSDDKAGLGVPSSSGQSRTVEAALRRAGPQALSRLRYVEMHGSGTPWGDALEVQGLKMAFDRLSKTGAAEQSGTGRAQPEADRIYLGSNKGNCGNTEAASGLLSLIKASMALNLGVVPPLPNLAEPNPKCEFEETKFEPLGKQLALAPGDRVMNKRQRIVRSPNWISDATWFVISTVDNLLPKLTPAAVA
